Model,MAE,MSE,R2
XGBoost,836.4493929788789,1047714.5686935518,-1.9748188833905842
Random Forest,829.2116598766207,1035629.1815218423,-1.9405043486444291
LSTM,127.08059040178571,27870.962155964135,0.9196951506271566
